game,date,n1,n2,n3,n4,n5,bonus,bonus_type
LuckyForLife,2025-01-01,7,15,17,39,40,16,lucky_ball
LuckyForLife,2025-01-02,12,14,27,44,46,6,lucky_ball
LuckyForLife,2025-01-03,14,15,20,23,28,12,lucky_ball
LuckyForLife,2025-01-04,3,9,27,29,33,6,lucky_ball
LuckyForLife,2025-01-05,6,27,31,33,47,13,lucky_ball
LuckyForLife,2025-01-06,6,22,31,39,44,3,lucky_ball
LuckyForLife,2025-01-07,16,24,30,32,44,2,lucky_ball
LuckyForLife,2025-01-08,13,14,24,37,38,13,lucky_ball
LuckyForLife,2025-01-09,2,4,14,17,28,11,lucky_ball
LuckyForLife,2025-01-10,3,9,21,33,36,1,lucky_ball
LuckyForLife,2025-01-11,21,22,26,27,48,12,lucky_ball
LuckyForLife,2025-01-12,2,10,22,26,47,8,lucky_ball
LuckyForLife,2025-01-13,13,17,35,41,44,5,lucky_ball
LuckyForLife,2025-01-14,3,6,17,26,39,4,lucky_ball
LuckyForLife,2025-01-15,19,31,33,36,46,7,lucky_ball
LuckyForLife,2025-01-16,13,20,29,32,37,6,lucky_ball
LuckyForLife,2025-01-17,1,4,6,9,46,4,lucky_ball
LuckyForLife,2025-01-18,4,12,13,32,43,17,lucky_ball
LuckyForLife,2025-01-19,8,24,35,43,46,4,lucky_ball
LuckyForLife,2025-01-20,4,8,12,22,35,15,lucky_ball
LuckyForLife,2025-01-21,18,27,30,40,44,15,lucky_ball
LuckyForLife,2025-01-22,24,25,37,44,45,9,lucky_ball
LuckyForLife,2025-01-23,9,13,18,24,46,6,lucky_ball
LuckyForLife,2025-01-24,14,26,35,39,40,10,lucky_ball
LuckyForLife,2025-01-25,8,26,28,38,46,6,lucky_ball
LuckyForLife,2025-01-26,1,10,21,28,40,11,lucky_ball
LuckyForLife,2025-01-27,7,16,41,42,48,5,lucky_ball
LuckyForLife,2025-01-28,7,20,24,39,43,9,lucky_ball
LuckyForLife,2025-01-29,1,20,25,30,34,11,lucky_ball
LuckyForLife,2025-01-30,9,13,18,23,40,4,lucky_ball
LuckyForLife,2025-01-31,3,7,34,39,44,13,lucky_ball
LuckyForLife,2025-02-01,4,34,36,42,47,2,lucky_ball
LuckyForLife,2025-02-02,5,6,17,27,36,12,lucky_ball
LuckyForLife,2025-02-03,3,24,28,33,35,16,lucky_ball
LuckyForLife,2025-02-04,2,5,23,29,47,8,lucky_ball
LuckyForLife,2025-02-05,7,9,25,37,39,3,lucky_ball
LuckyForLife,2025-02-06,18,21,32,39,41,7,lucky_ball
LuckyForLife,2025-02-07,14,18,21,29,31,10,lucky_ball
LuckyForLife,2025-02-08,1,7,15,17,40,18,lucky_ball
LuckyForLife,2025-02-09,8,13,22,28,39,12,lucky_ball
LuckyForLife,2025-02-10,1,2,16,18,30,6,lucky_ball
LuckyForLife,2025-02-11,8,25,28,41,46,5,lucky_ball
LuckyForLife,2025-02-12,8,29,34,36,42,11,lucky_ball
LuckyForLife,2025-02-13,1,21,25,37,45,11,lucky_ball
LuckyForLife,2025-02-14,7,11,12,22,34,8,lucky_ball
LuckyForLife,2025-02-15,21,34,38,40,48,10,lucky_ball
LuckyForLife,2025-02-16,3,15,16,19,32,3,lucky_ball
LuckyForLife,2025-02-17,2,7,42,43,47,6,lucky_ball
LuckyForLife,2025-02-18,2,5,16,19,46,7,lucky_ball
LuckyForLife,2025-02-19,7,21,30,41,42,2,lucky_ball
LuckyForLife,2025-02-20,15,39,40,42,47,7,lucky_ball
LuckyForLife,2025-02-21,19,35,44,45,47,10,lucky_ball
LuckyForLife,2025-02-22,2,6,29,35,44,7,lucky_ball
LuckyForLife,2025-02-23,1,18,43,44,46,7,lucky_ball
LuckyForLife,2025-02-24,7,16,23,33,40,8,lucky_ball
LuckyForLife,2025-02-25,6,10,14,16,25,11,lucky_ball
LuckyForLife,2025-02-26,5,18,27,33,38,10,lucky_ball
LuckyForLife,2025-02-27,2,18,24,26,45,12,lucky_ball
LuckyForLife,2025-02-28,9,16,18,23,42,13,lucky_ball
LuckyForLife,2025-03-01,12,25,28,30,43,3,lucky_ball
LuckyForLife,2025-03-02,4,24,26,32,42,12,lucky_ball
LuckyForLife,2025-03-03,10,15,21,27,45,1,lucky_ball
LuckyForLife,2025-03-04,2,11,25,30,31,7,lucky_ball
LuckyForLife,2025-03-05,4,12,21,22,40,17,lucky_ball
LuckyForLife,2025-03-06,20,28,30,31,38,10,lucky_ball
LuckyForLife,2025-03-07,2,7,25,28,36,8,lucky_ball
LuckyForLife,2025-03-08,9,20,31,40,44,10,lucky_ball
LuckyForLife,2025-03-09,6,14,18,40,46,6,lucky_ball
LuckyForLife,2025-03-10,7,8,13,21,42,8,lucky_ball
LuckyForLife,2025-03-11,2,7,17,18,28,14,lucky_ball
LuckyForLife,2025-03-12,5,8,10,20,44,1,lucky_ball
LuckyForLife,2025-03-13,19,24,27,32,38,12,lucky_ball
LuckyForLife,2025-03-14,7,16,28,40,48,18,lucky_ball
LuckyForLife,2025-03-15,9,12,30,39,41,12,lucky_ball
LuckyForLife,2025-03-16,4,14,16,28,34,7,lucky_ball
LuckyForLife,2025-03-17,6,12,25,29,32,15,lucky_ball
LuckyForLife,2025-03-18,8,20,37,39,46,15,lucky_ball
LuckyForLife,2025-03-19,17,21,36,40,45,3,lucky_ball
LuckyForLife,2025-03-20,7,14,25,35,40,14,lucky_ball
LuckyForLife,2025-03-21,7,25,28,40,45,7,lucky_ball
LuckyForLife,2025-03-22,13,14,32,46,47,10,lucky_ball
LuckyForLife,2025-03-23,16,19,21,39,47,6,lucky_ball
LuckyForLife,2025-03-24,14,20,30,31,39,1,lucky_ball
LuckyForLife,2025-03-25,9,16,27,30,35,7,lucky_ball
LuckyForLife,2025-03-26,8,12,15,39,44,15,lucky_ball
LuckyForLife,2025-03-27,7,20,27,35,46,5,lucky_ball
LuckyForLife,2025-03-28,10,15,23,31,40,18,lucky_ball
LuckyForLife,2025-03-29,4,8,13,18,41,12,lucky_ball
LuckyForLife,2025-03-30,19,20,27,36,39,6,lucky_ball
LuckyForLife,2025-03-31,8,31,39,40,42,4,lucky_ball
LuckyForLife,2025-04-01,9,20,29,36,41,8,lucky_ball
LuckyForLife,2025-04-02,18,22,35,36,43,8,lucky_ball
LuckyForLife,2025-04-03,2,5,11,14,28,18,lucky_ball
LuckyForLife,2025-04-04,1,4,11,22,32,6,lucky_ball
LuckyForLife,2025-04-05,8,15,29,37,47,6,lucky_ball
LuckyForLife,2025-04-06,3,6,27,37,40,11,lucky_ball
LuckyForLife,2025-04-07,21,25,31,37,38,18,lucky_ball
LuckyForLife,2025-04-08,3,28,32,44,48,12,lucky_ball
LuckyForLife,2025-04-09,1,14,24,29,46,14,lucky_ball
LuckyForLife,2025-04-10,9,18,38,39,45,13,lucky_ball
LuckyForLife,2025-04-11,7,9,10,31,34,10,lucky_ball
LuckyForLife,2025-04-12,1,14,16,19,41,12,lucky_ball
LuckyForLife,2025-04-13,2,29,30,43,45,9,lucky_ball
LuckyForLife,2025-04-14,10,11,23,35,40,13,lucky_ball
LuckyForLife,2025-04-15,10,19,26,30,48,11,lucky_ball
LuckyForLife,2025-04-16,1,34,38,43,47,3,lucky_ball
LuckyForLife,2025-04-17,4,18,22,26,44,15,lucky_ball
LuckyForLife,2025-04-18,29,34,39,42,46,16,lucky_ball
LuckyForLife,2025-04-19,3,22,39,41,43,11,lucky_ball
LuckyForLife,2025-04-20,3,6,17,30,42,15,lucky_ball
LuckyForLife,2025-04-21,12,25,29,36,47,3,lucky_ball
LuckyForLife,2025-04-22,14,31,36,39,44,8,lucky_ball
LuckyForLife,2025-04-23,8,14,15,23,24,15,lucky_ball
LuckyForLife,2025-04-24,13,15,20,31,38,14,lucky_ball
LuckyForLife,2025-04-25,9,15,40,41,48,5,lucky_ball
LuckyForLife,2025-04-26,15,38,40,45,48,6,lucky_ball
LuckyForLife,2025-04-27,4,19,35,36,41,5,lucky_ball
LuckyForLife,2025-04-28,16,19,20,33,40,11,lucky_ball
LuckyForLife,2025-04-29,24,25,39,43,45,13,lucky_ball
LuckyForLife,2025-04-30,3,5,22,23,44,4,lucky_ball
LuckyForLife,2025-05-01,17,32,36,41,46,4,lucky_ball
LuckyForLife,2025-05-02,2,17,18,33,38,15,lucky_ball
LuckyForLife,2025-05-03,2,13,18,21,31,9,lucky_ball
LuckyForLife,2025-05-04,12,26,31,35,43,14,lucky_ball
LuckyForLife,2025-05-05,3,26,30,32,39,8,lucky_ball
LuckyForLife,2025-05-06,15,31,33,35,46,17,lucky_ball
LuckyForLife,2025-05-07,5,7,37,39,46,15,lucky_ball
LuckyForLife,2025-05-08,14,18,23,34,35,17,lucky_ball
LuckyForLife,2025-05-09,4,9,22,41,46,13,lucky_ball
LuckyForLife,2025-05-10,5,12,19,43,47,14,lucky_ball
LuckyForLife,2025-05-11,16,26,30,34,43,6,lucky_ball
LuckyForLife,2025-05-12,9,13,15,16,48,11,lucky_ball
LuckyForLife,2025-05-13,4,14,17,43,44,12,lucky_ball
LuckyForLife,2025-05-14,14,23,37,41,46,18,lucky_ball
LuckyForLife,2025-05-15,7,16,17,20,23,4,lucky_ball
LuckyForLife,2025-05-16,14,24,25,29,35,4,lucky_ball
LuckyForLife,2025-05-17,1,4,27,38,46,13,lucky_ball
LuckyForLife,2025-05-18,1,3,4,18,30,8,lucky_ball
LuckyForLife,2025-05-19,22,23,32,35,39,15,lucky_ball
LuckyForLife,2025-05-20,5,6,16,29,34,8,lucky_ball
LuckyForLife,2025-05-21,8,23,32,40,45,18,lucky_ball
LuckyForLife,2025-05-22,12,16,28,31,37,3,lucky_ball
LuckyForLife,2025-05-23,4,11,15,19,38,4,lucky_ball
LuckyForLife,2025-05-24,9,10,32,36,44,12,lucky_ball
LuckyForLife,2025-05-25,12,20,30,35,47,2,lucky_ball
LuckyForLife,2025-05-26,12,15,19,22,33,3,lucky_ball
LuckyForLife,2025-05-27,10,12,18,43,46,18,lucky_ball
LuckyForLife,2025-05-28,3,11,35,43,47,11,lucky_ball
LuckyForLife,2025-05-29,9,14,20,31,46,7,lucky_ball
LuckyForLife,2025-05-30,13,17,30,35,48,9,lucky_ball
LuckyForLife,2025-05-31,11,18,22,27,31,13,lucky_ball
LuckyForLife,2025-06-01,28,29,38,39,42,16,lucky_ball
LuckyForLife,2025-06-02,1,10,22,29,40,15,lucky_ball
LuckyForLife,2025-06-03,1,21,32,34,48,1,lucky_ball
LuckyForLife,2025-06-04,11,12,14,40,41,10,lucky_ball
LuckyForLife,2025-06-05,1,14,19,28,41,7,lucky_ball
LuckyForLife,2025-06-06,10,15,38,41,45,18,lucky_ball
LuckyForLife,2025-06-07,2,4,28,34,45,2,lucky_ball
LuckyForLife,2025-06-08,5,11,20,42,43,10,lucky_ball
LuckyForLife,2025-06-09,3,7,17,29,46,15,lucky_ball
LuckyForLife,2025-06-10,10,26,30,41,44,17,lucky_ball
LuckyForLife,2025-06-11,7,9,30,36,43,4,lucky_ball
LuckyForLife,2025-06-12,2,4,6,37,40,5,lucky_ball
LuckyForLife,2025-06-13,4,12,18,22,29,15,lucky_ball
LuckyForLife,2025-06-14,6,22,31,35,37,9,lucky_ball
LuckyForLife,2025-06-15,12,17,25,40,44,7,lucky_ball
LuckyForLife,2025-06-16,17,27,34,38,41,10,lucky_ball
LuckyForLife,2025-06-17,4,7,28,36,46,2,lucky_ball
LuckyForLife,2025-06-18,6,16,25,26,44,14,lucky_ball
LuckyForLife,2025-06-19,2,5,8,18,45,1,lucky_ball
LuckyForLife,2025-06-20,5,9,31,33,45,8,lucky_ball
LuckyForLife,2025-06-21,8,10,22,26,28,4,lucky_ball
LuckyForLife,2025-06-22,12,19,21,23,38,6,lucky_ball
LuckyForLife,2025-06-23,13,22,23,26,47,13,lucky_ball
LuckyForLife,2025-06-24,1,4,27,40,45,11,lucky_ball
LuckyForLife,2025-06-25,7,28,33,43,48,9,lucky_ball
LuckyForLife,2025-06-26,5,7,37,41,42,15,lucky_ball
LuckyForLife,2025-06-27,5,12,33,43,47,17,lucky_ball
LuckyForLife,2025-06-28,9,11,40,46,47,8,lucky_ball
LuckyForLife,2025-06-29,12,24,29,34,48,4,lucky_ball
LuckyForLife,2025-07-16,17,21,23,25,47,9,lucky_ball
LuckyForLife,2025-07-17,1,7,9,10,32,8,lucky_ball
LuckyForLife,2025-07-18,10,12,18,22,39,9,lucky_ball
LuckyForLife,2025-07-19,12,23,33,35,36,8,lucky_ball
LuckyForLife,2025-07-20,26,31,37,41,43,1,lucky_ball
LuckyForLife,2025-07-21,1,12,19,38,48,10,lucky_ball
LuckyForLife,2025-07-22,18,19,22,30,48,2,lucky_ball
LuckyForLife,2025-07-23,5,9,11,30,47,8,lucky_ball
LuckyForLife,2025-07-24,1,11,22,26,29,18,lucky_ball
LuckyForLife,2025-07-25,19,20,31,37,41,2,lucky_ball
LuckyForLife,2025-07-26,4,8,9,22,23,8,lucky_ball
LuckyForLife,2025-07-27,4,6,9,25,47,4,lucky_ball
LuckyForLife,2025-07-28,4,9,13,23,34,6,lucky_ball
LuckyForLife,2025-07-29,2,4,15,18,42,7,lucky_ball
LuckyForLife,2025-07-30,2,5,22,33,40,12,lucky_ball
LuckyForLife,2025-07-31,14,25,33,39,40,10,lucky_ball
LuckyForLife,2025-08-01,8,20,22,24,36,15,lucky_ball
LuckyForLife,2025-08-02,8,10,16,18,36,8,lucky_ball
LuckyForLife,2025-08-03,4,9,25,33,43,6,lucky_ball
LuckyForLife,2025-08-04,25,26,30,37,45,16,lucky_ball
LuckyForLife,2025-08-05,17,27,32,37,39,15,lucky_ball
LuckyForLife,2025-08-06,7,22,38,39,40,3,lucky_ball
LuckyForLife,2025-08-07,16,25,26,27,36,16,lucky_ball
LuckyForLife,2025-08-08,20,23,32,40,46,10,lucky_ball
LuckyForLife,2025-08-09,9,19,35,44,45,17,lucky_ball
LuckyForLife,2025-08-10,6,11,25,40,46,7,lucky_ball
LuckyForLife,2025-08-11,18,22,26,40,46,3,lucky_ball
LuckyForLife,2025-08-12,1,11,18,29,34,15,lucky_ball
LuckyForLife,2025-08-13,13,23,30,31,38,2,lucky_ball
LuckyForLife,2025-08-14,3,10,17,25,37,1,lucky_ball
LuckyForLife,2025-08-15,2,8,19,26,32,18,lucky_ball
LuckyForLife,2025-08-16,1,3,8,26,32,10,lucky_ball
LuckyForLife,2025-08-17,8,15,20,25,28,3,lucky_ball
LuckyForLife,2025-08-18,3,12,24,30,40,2,lucky_ball
LuckyForLife,2025-08-19,1,4,30,46,48,7,lucky_ball
LuckyForLife,2025-08-20,1,5,18,25,28,4,lucky_ball
LuckyForLife,2025-08-21,23,27,32,41,46,15,lucky_ball
LuckyForLife,2025-08-22,8,19,26,27,29,15,lucky_ball
LuckyForLife,2025-08-23,9,11,17,25,42,11,lucky_ball
LuckyForLife,2025-08-24,9,16,18,25,42,15,lucky_ball
LuckyForLife,2025-08-25,1,4,12,17,20,6,lucky_ball
LuckyForLife,2025-08-26,5,6,8,17,36,12,lucky_ball
LuckyForLife,2025-08-27,6,15,26,38,48,8,lucky_ball
LuckyForLife,2025-08-28,8,10,17,23,33,2,lucky_ball
LuckyForLife,2025-08-29,8,14,22,24,30,17,lucky_ball
LuckyForLife,2025-08-30,6,12,38,43,45,7,lucky_ball
LuckyForLife,2025-08-31,13,14,19,25,28,6,lucky_ball
LuckyForLife,2025-09-01,15,18,39,46,47,2,lucky_ball
LuckyForLife,2025-09-02,4,5,24,29,40,11,lucky_ball
LuckyForLife,2025-09-03,11,15,19,40,48,3,lucky_ball
LuckyForLife,2025-09-04,17,20,23,25,39,2,lucky_ball
LuckyForLife,2025-09-05,18,25,35,47,48,2,lucky_ball
LuckyForLife,2025-09-06,4,12,14,15,21,9,lucky_ball
LuckyForLife,2025-09-07,13,29,34,37,40,9,lucky_ball
LuckyForLife,2025-09-08,5,9,21,22,36,18,lucky_ball
LuckyForLife,2025-09-09,2,4,7,34,46,7,lucky_ball
LuckyForLife,2025-09-10,11,12,35,37,45,11,lucky_ball
LuckyForLife,2025-09-12,28,34,35,36,43,11,lucky_ball
LuckyForLife,2025-09-13,20,21,23,29,39,11,lucky_ball
LuckyForLife,2025-09-14,23,33,34,38,40,17,lucky_ball
LuckyForLife,2025-09-15,14,21,23,24,43,1,lucky_ball
LuckyForLife,2025-09-16,7,17,22,27,32,8,lucky_ball
LuckyForLife,2025-09-17,3,11,29,40,41,2,lucky_ball
LuckyForLife,2025-09-18,14,29,41,44,46,4,lucky_ball
LuckyForLife,2025-09-19,9,16,23,25,26,17,lucky_ball
LuckyForLife,2025-09-20,11,16,31,34,38,18,lucky_ball
LuckyForLife,2025-09-21,9,11,14,26,33,11,lucky_ball
LuckyForLife,2025-09-22,6,9,15,42,43,15,lucky_ball
LuckyForLife,2025-09-23,18,19,38,42,44,1,lucky_ball
LuckyForLife,2025-09-24,3,26,29,40,45,3,lucky_ball
LuckyForLife,2025-09-25,5,7,19,28,34,14,lucky_ball
LuckyForLife,2025-09-26,22,30,33,37,43,14,lucky_ball
LuckyForLife,2025-09-27,4,7,8,34,48,1,lucky_ball
LuckyForLife,2025-09-28,8,9,27,31,36,6,lucky_ball
LuckyForLife,2025-09-29,1,25,29,40,43,1,lucky_ball
LuckyForLife,2025-09-30,8,15,17,30,39,14,lucky_ball
LuckyForLife,2025-10-01,1,4,5,16,47,7,lucky_ball
LuckyForLife,2025-10-02,16,21,26,34,48,7,lucky_ball
LuckyForLife,2025-10-03,1,22,23,25,38,12,lucky_ball
LuckyForLife,2025-10-04,8,17,18,24,35,1,lucky_ball
LuckyForLife,2025-10-05,4,23,25,32,40,16,lucky_ball
LuckyForLife,2025-10-06,6,11,30,34,39,10,lucky_ball
LuckyForLife,2025-10-07,8,32,42,44,46,8,lucky_ball
LuckyForLife,2025-10-08,9,13,14,35,46,6,lucky_ball
LuckyForLife,2025-10-09,9,11,27,42,46,17,lucky_ball
LuckyForLife,2025-10-10,5,35,39,40,45,6,lucky_ball
LuckyForLife,2025-10-11,10,37,40,42,45,8,lucky_ball
LuckyForLife,2025-10-12,5,11,15,22,45,14,lucky_ball
LuckyForLife,2025-10-13,3,9,19,28,46,5,lucky_ball
LuckyForLife,2025-10-14,2,5,15,34,37,1,lucky_ball
LuckyForLife,2025-10-15,13,25,27,31,46,17,lucky_ball
LuckyForLife,2025-10-16,4,7,42,43,46,11,lucky_ball
LuckyForLife,2025-10-17,7,24,34,45,47,11,lucky_ball
LuckyForLife,2025-10-18,13,20,24,31,45,12,lucky_ball
LuckyForLife,2025-10-19,11,31,35,42,45,3,lucky_ball
LuckyForLife,2025-10-20,3,5,23,26,28,9,lucky_ball
LuckyForLife,2025-10-21,8,9,15,31,32,12,lucky_ball
LuckyForLife,2025-10-22,1,20,30,37,46,1,lucky_ball
LuckyForLife,2025-10-23,12,30,33,39,40,3,lucky_ball
LuckyForLife,2025-10-24,8,9,28,31,46,6,lucky_ball
LuckyForLife,2025-10-25,21,32,34,35,44,5,lucky_ball
LuckyForLife,2025-10-26,2,8,11,24,30,10,lucky_ball
LuckyForLife,2025-10-27,1,10,30,32,33,4,lucky_ball
LuckyForLife,2025-10-28,14,15,21,24,45,8,lucky_ball
LuckyForLife,2025-10-29,3,4,33,36,43,2,lucky_ball
LuckyForLife,2025-10-30,1,10,23,29,34,16,lucky_ball
LuckyForLife,2025-10-31,3,27,37,40,42,1,lucky_ball
LuckyForLife,2025-11-01,6,19,28,38,46,8,lucky_ball
LuckyForLife,2025-11-02,8,14,19,25,38,15,lucky_ball
LuckyForLife,2025-11-03,1,31,32,34,37,13,lucky_ball
LuckyForLife,2025-11-04,3,13,17,27,44,12,lucky_ball
LuckyForLife,2025-11-05,9,12,29,38,43,15,lucky_ball
LuckyForLife,2025-11-06,9,15,32,39,41,11,lucky_ball
LuckyForLife,2025-11-07,5,9,16,30,41,2,lucky_ball
LuckyForLife,2025-11-08,27,31,41,46,47,15,lucky_ball
LuckyForLife,2025-11-09,17,19,33,46,47,10,lucky_ball
LuckyForLife,2025-11-10,11,17,32,39,44,13,lucky_ball
LuckyForLife,2025-11-11,12,25,30,40,42,15,lucky_ball
LuckyForLife,2025-11-12,20,28,30,33,44,15,lucky_ball
LuckyForLife,2025-11-13,3,9,16,20,42,11,lucky_ball
LuckyForLife,2025-11-14,14,19,34,42,43,13,lucky_ball
LuckyForLife,2025-11-15,16,29,32,33,37,16,lucky_ball
LuckyForLife,2025-11-16,3,11,26,32,45,2,lucky_ball
LuckyForLife,2025-11-17,8,12,16,24,37,8,lucky_ball
LuckyForLife,2025-11-18,4,8,30,31,37,3,lucky_ball
LuckyForLife,2025-11-19,2,4,12,34,38,16,lucky_ball
LuckyForLife,2025-11-20,5,8,37,39,40,16,lucky_ball
LuckyForLife,2025-11-21,19,29,39,41,48,18,lucky_ball
LuckyForLife,2025-11-22,4,8,24,28,47,16,lucky_ball
LuckyForLife,2025-11-23,3,4,13,28,41,9,lucky_ball
Powerball,2025-01-01,6,12,28,35,66,26,powerball
Powerball,2025-01-04,26,32,43,54,56,24,powerball
Powerball,2025-01-06,17,34,46,66,67,14,powerball
Powerball,2025-01-08,1,20,36,38,43,24,powerball
Powerball,2025-01-11,3,6,32,37,65,4,powerball
Powerball,2025-01-13,4,6,16,39,66,9,powerball
Powerball,2025-01-15,8,41,52,53,58,7,powerball
Powerball,2025-01-18,14,31,35,64,69,23,powerball
Powerball,2025-01-20,15,16,32,47,54,6,powerball
Powerball,2025-01-22,5,6,27,40,49,5,powerball
Powerball,2025-01-25,8,15,17,53,66,14,powerball
Powerball,2025-01-27,2,40,47,53,55,20,powerball
Powerball,2025-01-29,8,12,31,33,38,18,powerball
Powerball,2025-02-01,23,29,32,49,61,8,powerball
Powerball,2025-02-03,12,37,47,54,60,17,powerball
Powerball,2025-02-05,19,27,30,50,62,14,powerball
Powerball,2025-02-08,23,44,57,60,62,9,powerball
Powerball,2025-02-10,2,17,18,29,43,3,powerball
Powerball,2025-02-12,21,32,36,45,49,18,powerball
Powerball,2025-02-15,3,16,45,54,56,12,powerball
Powerball,2025-02-17,4,44,47,52,57,9,powerball
Powerball,2025-02-19,6,21,28,49,60,20,powerball
Powerball,2025-02-22,7,18,22,50,65,15,powerball
Powerball,2025-02-24,10,11,34,59,68,14,powerball
Powerball,2025-02-26,28,48,55,60,62,20,powerball
Powerball,2025-03-01,2,23,36,44,49,25,powerball
Powerball,2025-03-03,18,20,50,52,56,20,powerball
Powerball,2025-03-05,24,28,40,63,65,20,powerball
Powerball,2025-03-08,2,4,16,23,63,13,powerball
Powerball,2025-03-10,17,40,47,50,55,6,powerball
Powerball,2025-03-12,11,13,28,51,58,1,powerball
Powerball,2025-03-15,12,28,33,36,54,5,powerball
Powerball,2025-03-17,11,18,23,38,60,9,powerball
Powerball,2025-03-19,8,11,21,49,59,15,powerball
Powerball,2025-03-22,6,7,25,46,57,12,powerball
Powerball,2025-03-24,6,23,35,36,47,12,powerball
Powerball,2025-03-26,5,20,29,39,53,6,powerball
Powerball,2025-03-29,7,11,21,53,61,2,powerball
Powerball,2025-03-31,12,41,44,52,64,25,powerball
Powerball,2025-04-02,5,17,41,64,69,1,powerball
Powerball,2025-04-05,4,23,30,46,62,2,powerball
Powerball,2025-04-07,20,23,48,59,66,4,powerball
Powerball,2025-04-09,4,29,37,55,67,10,powerball
Powerball,2025-04-12,16,22,44,45,53,19,powerball
Powerball,2025-04-14,3,20,30,52,62,1,powerball
Powerball,2025-04-16,20,24,42,43,49,19,powerball
Powerball,2025-04-19,7,25,37,39,63,1,powerball
Powerball,2025-04-21,4,33,45,46,51,25,powerball
Powerball,2025-04-23,15,44,63,66,69,20,powerball
Powerball,2025-04-26,1,12,14,18,69,2,powerball
Powerball,2025-04-28,26,43,51,56,60,24,powerball
Powerball,2025-04-30,1,2,3,57,59,9,powerball
Powerball,2025-05-03,10,21,23,35,65,24,powerball
Powerball,2025-05-05,16,34,40,45,66,19,powerball
Powerball,2025-05-07,14,15,30,40,59,20,powerball
Powerball,2025-05-10,5,20,28,39,42,13,powerball
Powerball,2025-05-12,15,16,41,48,60,21,powerball
Powerball,2025-05-14,4,10,24,29,53,4,powerball
Powerball,2025-05-17,7,34,40,42,52,15,powerball
Powerball,2025-05-19,13,14,37,50,60,11,powerball
Powerball,2025-05-21,9,29,31,34,43,2,powerball
Powerball,2025-05-24,12,18,28,48,52,5,powerball
Powerball,2025-05-26,13,47,52,64,67,25,powerball
Powerball,2025-05-28,23,27,32,35,59,11,powerball
Powerball,2025-05-31,1,29,37,56,68,13,powerball
Powerball,2025-06-02,1,7,44,57,61,21,powerball
Powerball,2025-06-04,5,17,23,35,45,24,powerball
Powerball,2025-06-07,31,36,43,48,62,25,powerball
Powerball,2025-06-09,30,33,40,43,52,25,powerball
Powerball,2025-06-11,13,25,29,37,53,3,powerball
Powerball,2025-06-14,4,6,9,23,59,25,powerball
Powerball,2025-06-16,17,21,23,27,52,19,powerball
Powerball,2025-06-18,23,29,50,64,67,11,powerball
Powerball,2025-06-21,3,16,32,52,62,24,powerball
Powerball,2025-06-23,5,25,42,44,65,20,powerball
Powerball,2025-06-25,2,12,37,51,61,22,powerball
Powerball,2025-06-28,4,35,43,52,62,12,powerball
Powerball,2025-07-16,4,21,43,48,49,22,powerball
Powerball,2025-07-19,28,48,51,61,69,20,powerball
Powerball,2025-07-21,8,11,28,33,42,2,powerball
Powerball,2025-07-23,2,18,19,25,35,25,powerball
Powerball,2025-07-26,8,31,57,65,67,23,powerball
Powerball,2025-07-28,7,35,36,43,62,3,powerball
Powerball,2025-07-30,4,15,35,50,64,8,powerball
Powerball,2025-08-02,6,18,34,35,36,2,powerball
Powerball,2025-08-04,8,9,19,31,38,21,powerball
Powerball,2025-08-06,15,27,43,45,53,9,powerball
Powerball,2025-08-09,7,14,23,24,60,14,powerball
Powerball,2025-08-11,6,16,33,40,62,2,powerball
Powerball,2025-08-13,4,11,40,44,50,4,powerball
Powerball,2025-08-16,23,40,49,65,69,23,powerball
Powerball,2025-08-18,15,46,61,63,64,1,powerball
Powerball,2025-08-20,31,59,62,65,68,5,powerball
Powerball,2025-08-23,11,14,34,47,51,18,powerball
Powerball,2025-08-25,16,19,34,37,64,22,powerball
Powerball,2025-08-27,9,12,22,41,61,25,powerball
Powerball,2025-08-30,3,18,22,27,33,17,powerball
Powerball,2025-09-01,8,23,25,40,53,5,powerball
Powerball,2025-09-03,3,16,29,61,69,22,powerball
Powerball,2025-09-06,11,23,44,61,62,17,powerball
Powerball,2025-09-08,26,28,41,53,64,9,powerball
Powerball,2025-09-10,2,24,45,53,64,5,powerball
Powerball,2025-09-13,28,37,42,50,53,19,powerball
Powerball,2025-09-15,14,15,32,42,49,1,powerball
Powerball,2025-09-17,7,30,50,54,62,20,powerball
Powerball,2025-09-20,15,29,64,66,67,4,powerball
Powerball,2025-09-22,3,29,42,46,59,15,powerball
Powerball,2025-09-24,15,31,45,49,53,19,powerball
Powerball,2025-09-27,10,16,32,61,66,4,powerball
Powerball,2025-09-29,1,3,27,60,65,16,powerball
Powerball,2025-10-01,8,17,22,28,55,14,powerball
Powerball,2025-10-04,3,7,47,67,68,2,powerball
Powerball,2025-10-06,28,29,32,66,67,3,powerball
Powerball,2025-10-08,8,10,44,48,54,14,powerball
Powerball,2025-10-11,13,16,18,20,27,10,powerball
Powerball,2025-10-13,13,14,32,52,64,12,powerball
Powerball,2025-10-15,10,13,28,34,47,15,powerball
Powerball,2025-10-18,3,11,27,40,58,10,powerball
Powerball,2025-10-20,32,38,66,67,69,19,powerball
Powerball,2025-10-22,18,37,52,54,60,12,powerball
Powerball,2025-10-25,2,12,22,39,67,15,powerball
Powerball,2025-10-27,17,39,43,51,66,20,powerball
Powerball,2025-10-29,4,24,49,60,65,1,powerball
Powerball,2025-11-01,2,26,43,44,62,22,powerball
Powerball,2025-11-03,3,32,40,43,57,18,powerball
Powerball,2025-11-05,9,17,29,61,66,26,powerball
Powerball,2025-11-08,3,53,60,62,68,11,powerball
Powerball,2025-11-10,6,28,44,48,58,23,powerball
Powerball,2025-11-12,29,39,43,51,65,23,powerball
Powerball,2025-11-15,6,7,12,47,53,21,powerball
Powerball,2025-11-17,7,33,50,57,66,23,powerball
Powerball,2025-11-19,10,31,49,51,68,19,powerball
Powerball,2025-11-22,28,32,36,51,69,2,powerball
